timestamp,loss,metric_value,gpu_util,gpu_mem_mb
2026-07-07T18:40:03+00:00,,,0,4
2026-07-07T18:45:03+00:00,1.84619,0.30509,92,30957
2026-07-07T18:50:03+00:00,2.17071,0.02183,100,12359
2026-07-07T18:55:03+00:00,1.85336,0.3564,100,30967
2026-07-07T19:00:04+00:00,1.70839,0.43261,100,30973
2026-07-07T19:05:04+00:00,1.61529,0.53738,100,30961
2026-07-07T19:10:04+00:00,1.56907,0.54218,86,30929
2026-07-07T19:15:04+00:00,1.51094,0.56449,93,30933
2026-07-07T19:20:04+00:00,1.47542,0.56575,100,30985
2026-07-07T19:25:04+00:00,1.42557,0.59466,92,30925
2026-07-07T19:30:04+00:00,1.41782,0.60264,61,30973
2026-07-07T19:35:04+00:00,1.38912,0.58983,91,30967
2026-07-07T19:40:05+00:00,1.36095,0.62736,49,30973
2026-07-07T19:45:05+00:00,1.3345,0.64456,91,30961
2026-07-07T19:50:05+00:00,1.31284,0.61726,60,30979
2026-07-07T19:55:05+00:00,1.27902,0.6414,90,30967
2026-07-07T20:00:05+00:00,1.2602,0.62378,69,30967
2026-07-07T20:05:05+00:00,1.24011,0.64194,80,30973
2026-07-07T20:10:05+00:00,1.2334,0.64874,78,30925
2026-07-07T20:15:05+00:00,1.20215,0.63518,39,30985
2026-07-07T20:20:06+00:00,1.19438,0.66475,92,30973
2026-07-07T20:25:06+00:00,1.17816,0.66187,100,30929
2026-07-07T20:30:06+00:00,1.16438,0.66218,93,30985
2026-07-07T20:35:06+00:00,1.13619,0.66813,95,30929
2026-07-07T20:40:06+00:00,1.11687,0.68498,91,30967
2026-07-07T20:45:06+00:00,1.09388,0.65622,24,12473
2026-07-07T20:50:06+00:00,1.08917,0.65113,92,30961
2026-07-07T20:55:06+00:00,1.07422,0.66164,100,30973
2026-07-07T21:00:06+00:00,1.05862,0.66748,100,30961
2026-07-07T21:05:07+00:00,1.03601,0.66489,24,12377
2026-07-07T21:10:07+00:00,1.02135,0.67117,100,30933
2026-07-07T21:15:07+00:00,1.01067,0.65738,100,30933
2026-07-07T21:20:07+00:00,0.99734,0.67037,67,30979
2026-07-07T21:25:07+00:00,0.97214,0.68165,97,12371
2026-07-07T21:30:07+00:00,0.96697,0.69332,83,30933
2026-07-07T21:35:07+00:00,0.94364,0.66402,100,30985
2026-07-07T21:40:08+00:00,0.92861,0.67668,78,31023
2026-07-07T21:45:08+00:00,0.92427,0.67159,67,12369
2026-07-07T21:50:08+00:00,0.90394,0.67672,92,30929
2026-07-07T21:55:08+00:00,0.88684,0.66531,49,30929
2026-07-07T22:00:08+00:00,0.87117,0.6726,100,30933
2026-07-07T22:05:08+00:00,0.86577,0.66777,70,12367
2026-07-07T22:10:08+00:00,0.85258,0.66555,91,30925
2026-07-07T22:15:08+00:00,0.83819,0.66049,71,30933
2026-07-07T22:20:08+00:00,0.82369,0.67055,95,30967
2026-07-07T22:25:09+00:00,0.81322,0.67428,78,12369
2026-07-07T22:30:09+00:00,0.80182,0.68158,92,30979
2026-07-07T22:35:09+00:00,0.77797,0.68184,100,30979
2026-07-07T22:40:09+00:00,0.77355,0.6887,89,30973
2026-07-07T22:45:09+00:00,0.7691,0.67375,86,12371
2026-07-07T22:50:09+00:00,0.75261,0.66572,100,30933
2026-07-07T22:55:09+00:00,0.73629,0.67632,92,30961
2026-07-07T23:00:10+00:00,0.72006,0.65701,91,30985
2026-07-07T23:05:10+00:00,0.7187,0.66324,67,12361
2026-07-07T23:10:10+00:00,0.70061,0.66809,91,30973
2026-07-07T23:15:10+00:00,0.69469,0.65166,100,30979
2026-07-07T23:20:10+00:00,0.67769,0.65962,92,30961
2026-07-07T23:25:10+00:00,0.67076,0.65856,84,12363
2026-07-07T23:30:10+00:00,0.57755,0.66826,91,30929
2026-07-07T23:35:10+00:00,0.55938,0.66738,100,30925
2026-07-07T23:40:11+00:00,0.5493,0.66342,92,30957
